,is_canonical,random_bunching,random_grouping,qapres_dwave,res_dwave,time_dwave,perm
0,True,False,False,121,24.0,"[33.333709955215454, 0.052559614181518555, 2000]",[4 1 3 7 2 0 5 6]
1,True,False,False,141,24.0,"[133.42141723632812, 0.05856800079345703, 8000]",[7 3 2 0 1 6 5 4]
2,True,False,False,119,24.0,"[217.69764518737793, 0.06273102760314941, 14000]",[6 5 0 3 4 7 2 1]
