,qapres_heu_sw,res_heu_sw,time_heu_sw
0,2640.0,336.0,"[2.264575958251953, 1.8224267959594727, 0.038268327713012695, 0.2269878387451172, 0.28101038932800293, 1.1709644794464111, 6.712912559509277]"
1,4046.0,368.0,"[1.910484790802002, 2.0730137825012207, 0.031113386154174805, 0.22213196754455566, 0.2590668201446533, 1.2199246883392334, 6.661552667617798]"
2,4498.0,316.0,"[2.6667795181274414, 2.08990478515625, 0.032540082931518555, 0.25312232971191406, 0.2870008945465088, 1.3317255973815918, 7.6421427726745605]"
3,2804.0,326.0,"[1.9158377647399902, 2.302394151687622, 0.032184600830078125, 0.22513699531555176, 0.28000378608703613, 1.1401338577270508, 6.780825614929199]"
4,4224.0,294.0,"[2.098310708999634, 2.05702805519104, 0.030572175979614258, 0.2346174716949463, 0.26336073875427246, 1.1542656421661377, 6.7306742668151855]"
