,qapres_heu_sw,res_heu_sw,time_heu_sw
0,59689.0,1356.0,64.39823031425476
1,68566.0,1386.0,64.13231778144836
2,73825.0,1386.0,64.02685356140137
3,63159.0,1302.0,65.1977596282959
4,59830.0,1422.0,66.35950422286987
