,qapres_heu_sw,res_heu_sw,time_heu_sw
0,1537058,1314.0,"[26.720319747924805, 28.00793218612671, 0.09288501739501953, 0.5939414501190186, 0.8657007217407227, 5.908808469772339, 63.753862380981445]"
1,1380796,1332.0,"[32.28728127479553, 35.82703375816345, 0.054711103439331055, 0.6283466815948486, 0.7216982841491699, 5.095013618469238, 75.7012984752655]"
