,qapres_heu_sw,res_heu_sw,time_heu_sw
0,4406.0,336.0,"[0.23485374450683594, 5.133071184158325, 0.20216655731201172, 4.701953411102295, 0.046170711517333984, 0.2229316234588623, 0.2678189277648926, 1.394150733947754, 13.375072717666626]"
1,5502.0,316.0,"[0.2356092929840088, 4.893996000289917, 0.21988511085510254, 9.597895860671997, 0.05440378189086914, 0.22484707832336426, 0.27280449867248535, 1.3655970096588135, 18.35103416442871]"
2,4842.0,342.0,"[0.22159862518310547, 4.8355553150177, 0.20697546005249023, 4.809577703475952, 0.052512168884277344, 0.22017335891723633, 0.2451171875, 1.3785820007324219, 13.09138035774231]"
3,5462.0,324.0,"[0.219038724899292, 4.8442888259887695, 0.20659923553466797, 4.876058578491211, 0.03844928741455078, 0.24051403999328613, 0.23643922805786133, 1.4236423969268799, 13.23421049118042]"
4,5312.0,310.0,"[0.2295243740081787, 4.9463629722595215, 0.22378230094909668, 4.897271633148193, 0.0495150089263916, 0.24060797691345215, 0.23987936973571777, 1.4105958938598633, 13.38999629020691]"
