,is_canonical,random_bunching,random_grouping,qapres_heu_da,res_heu_da,time_heu_da,perm
0,True,False,False,736957,1068.0,"[1205.4590001106262, 140.06779885292053, 30.302]","[89 88 87 86 85 83 84 82 81 80 79 75 78 77 76 71 72 69 73 70 65 68 74 62
 64 67 63 66 60 61 59 57 53 58 55 56 52 54 50 49 51 47 48 46 45 43 44 42
 39 41 40 38 37 36 35 34 32 33 31 30 29 27 28 26 24 25 23 22 20 21 18 19
 17 16 15 13 12 14 11 10  9  7  8  6  5  3  4  2  0  1]"
1,True,False,False,738703,1068.0,"[1242.1825687885284, 149.8629903793335, 30.344]","[87 88 86 89 85 84 83 82 81 80 77 75 79 78 76 73 74 71 70 67 66 69 68 72
 65 64 60 61 63 62 58 59 57 56 55 54 53 51 52 49 50 48 47 46 45 42 43 44
 40 41 39 38 37 34 36 35 32 33 30 31 29 28 24 26 27 23 25 22 21 20 19 16
 18 15 17 13 14 10 12  9 11  7  6  8  2  5  4  1  3  0]"
2,True,False,False,737216,1068.0,"[1248.0950019359589, 87.66237592697144, 30.294]","[89 85 88 87 83 84 86 81 82 79 80 77 76 78 75 71 72 73 69 70 66 65 74 67
 64 68 62 61 63 60 59 58 56 55 57 54 53 51 50 48 49 52 47 46 45 43 44 42
 40 41 39 37 38 36 35 31 34 33 32 30 28 27 29 26 24 25 23 22 20 21 18 19
 15 17 16 11 13 14 10 12  9  7  6  8  3  5  4  2  1  0]"
3,True,False,False,738180,1068.0,"[1055.0851259231567, 70.65585327148438, 30.411]","[88 87 89 85 86 84 80 81 83 82 78 75 77 76 79 72 74 69 73 70 66 71 67 64
 63 68 62 60 65 59 55 61 57 58 52 56 53 54 51 50 49 48 47 46 45 44 41 43
 42 39 38 40 35 34 36 37 33 32 30 29 31 26 27 28 25 24 18 22 23 20 21 17
 15 19 16 13 10 14 11 12  8  9  7  5  6  3  4  1  2  0]"
4,True,False,False,738187,1068.0,"[1063.011926651001, 71.64561772346497, 30.421]","[88 87 89 82 85 86 80 83 84 81 76 78 75 73 79 77 69 72 74 70 68 71 67 63
 65 66 62 64 60 61 59 58 57 55 54 53 56 52 49 51 50 47 48 46 45 43 44 42
 41 40 39 38 34 33 37 36 31 35 32 30 29 28 24 25 27 26 23 22 19 21 17 15
 20 16 13 18 12 10  8 14 11  7  5  6  9  3  4  1  0  2]"
5,True,False,False,737462,1068.0,"[1031.215690612793, 69.40148591995239, 30.367]","[85 88 89 87 84 86 81 82 83 80 77 78 75 79 66 71 76 69 70 73 72 67 74 68
 65 63 64 61 62 60 55 58 59 56 57 54 50 53 52 49 51 47 48 46 45 41 43 44
 42 39 37 40 36 34 38 35 32 31 33 30 28 29 27 26 24 23 25 20 21 22 16 19
 15 18 17 14 12  9 13 11 10  8  6  7  4  5  3  1  2  0]"
