,qapres_heu_da,res_heu_da,time_heu_da,perm
0,1741625,1068.0,"[62.212409019470215, 22.947, 1053.4222328662872]","[88. 86. 85. 89. 87. 78. 84. 81. 83. 79. 70. 76. 75. 66. 77. 74. 65. 80.
 72. 69. 64. 73. 67. 82. 68. 63. 62. 71. 61. 60. 59. 52. 57. 56. 53. 54.
 55. 58. 51. 50. 47. 48. 46. 49. 45. 43. 44. 42. 41. 38. 40. 33. 32. 36.
 37. 35. 30. 34. 39. 31. 29. 28. 25. 27. 24. 22. 26. 20. 21. 23. 18. 19.
 16. 15. 13. 17.  8. 12. 14. 11.  7.  9. 10.  6.  2.  4.  3.  1.  5.  0.]"
1,1740824,1068.0,"[61.75782489776611, 137.439, 6250.615173339844]","[88. 89. 85. 86. 81. 87. 83. 84. 77. 79. 72. 67. 75. 80. 82. 74. 73. 69.
 62. 76. 65. 64. 66. 60. 71. 63. 78. 70. 68. 61. 59. 54. 56. 55. 58. 49.
 53. 57. 51. 48. 52. 45. 46. 43. 44. 47. 42. 38. 41. 40. 37. 39. 50. 33.
 36. 34. 35. 30. 31. 32. 28. 29. 27. 24. 26. 22. 20. 19. 23. 17. 18. 15.
 21. 16. 13. 12.  9. 14. 25.  7. 10.  8.  6.  5. 11.  4.  1.  3.  0.  2.]"
2,1741330,1068.0,"[60.87475514411926, 24.739, 1053.2142233848572]","[86. 87. 88. 85. 83. 89. 80. 82. 81. 84. 77. 79. 69. 76. 73. 67. 78. 75.
 66. 74. 68. 62. 72. 70. 71. 61. 65. 64. 63. 60. 59. 57. 56. 55. 54. 58.
 52. 53. 51. 49. 50. 46. 48. 47. 45. 41. 43. 40. 44. 39. 42. 37. 38. 34.
 36. 33. 31. 35. 30. 32. 29. 28. 23. 26. 25. 27. 24. 19. 21. 22. 20. 17.
 11. 16. 15. 13. 18. 10. 14. 12.  8.  9.  7.  5.  2.  6.  4.  3.  1.  0.]"
