,is_canonical,random_bunching,random_grouping,qapres_heu_da,res_heu_da,time_heu_da,perm
0,True,False,False,736957,1068.0,"[1205.4590001106262, 140.06779885292053, 30.302]","[89 88 87 86 85 83 84 82 81 80 79 75 78 77 76 71 72 69 73 70 65 68 74 62
 64 67 63 66 60 61 59 57 53 58 55 56 52 54 50 49 51 47 48 46 45 43 44 42
 39 41 40 38 37 36 35 34 32 33 31 30 29 27 28 26 24 25 23 22 20 21 18 19
 17 16 15 13 12 14 11 10  9  7  8  6  5  3  4  2  0  1]"
1,True,False,False,738703,1068.0,"[1242.1825687885284, 149.8629903793335, 30.344]","[87 88 86 89 85 84 83 82 81 80 77 75 79 78 76 73 74 71 70 67 66 69 68 72
 65 64 60 61 63 62 58 59 57 56 55 54 53 51 52 49 50 48 47 46 45 42 43 44
 40 41 39 38 37 34 36 35 32 33 30 31 29 28 24 26 27 23 25 22 21 20 19 16
 18 15 17 13 14 10 12  9 11  7  6  8  2  5  4  1  3  0]"
2,True,False,False,737216,1068.0,"[1248.0950019359589, 87.66237592697144, 30.294]","[89 85 88 87 83 84 86 81 82 79 80 77 76 78 75 71 72 73 69 70 66 65 74 67
 64 68 62 61 63 60 59 58 56 55 57 54 53 51 50 48 49 52 47 46 45 43 44 42
 40 41 39 37 38 36 35 31 34 33 32 30 28 27 29 26 24 25 23 22 20 21 18 19
 15 17 16 11 13 14 10 12  9  7  6  8  3  5  4  2  1  0]"
