,qapres_heu_da,res_heu_da,time_heu_da
0,5388,294.0,"[23.278956413269043, 27.288036823272705, 0.08103060722351074, 0.30730438232421875, 0.607670783996582, 30.705, 341.1371042728424]"
