,is_canonical,random_bunching,random_grouping,qapres_heu_da,res_heu_da,time_heu_da,perm
0,False,False,False,23667524,1434.0,"[57.19949650764465, 0.2979123592376709, 3.654, 7661.397789955139, 366.40751910209656, 60.457]","[ 88  85  68 176  86  76  84  83  89  82  72  80  81  73  77  87 179 175
  75  62  78  74 178  67  71  64  70  79  55  65  69  58  66 169  52  59
  53  48  60  61  49  57  54  63 168  51  56 167  46  47  50  45  41 149
 157 166 159 153 161 173 155 150 174 158 118 156 152 177 172 164 165 147
 160 112 122 151 171 163 120 119 170 126 114 133 154 128 117 129  31  44
  39  36  40  42  32  34  35  43  29  33  38  26  21  28  37   8  24  25
  16  20  30  27  22  19  17  23  14 162 125  18  11 123   0 132 130  12
  13   9   6 131  15   5 115  10   3   7 121   1 134   4 127 116 124   2
  97 140  91 138 108 145 135 113 109 106 143 136 103 111 110 137 148  98
 100 141 107 102 105  99  90 139  94 144 142 104  95 146  96  93 101  92]"
1,True,False,False,23817980,1434.0,"[57.19949650764465, 0.2979123592376709, 3.654, 7661.397789955139, 152.13923048973083, 60.494]","[170 175 177  85 176 167 172 173 178 166 161 162 168 169 159 157  80  87
 164 156 163 171  88 179 165 155 174 160 152 148 144 158 154  89 153 117
 140 145 141 151 142 143 146 136  83 135 150  84 147 137 139 149 138  75
  31  32  69  72  68  77  81  65  24  60  41  36  62  82  63  38  58  27
  35  28  33  64  74  86  73  44  66  39  70  71  79  37  76  18 124 127
 132 134 130 128 126 122 129 119 133 112 123 131 113 105 118 110 116 102
 121 114 101 115 104 125 108 120 109  22  43 100  93  78 111  26  42  90
  91 103 106  29  99  98  34  92 107  95  20  96  40  97  30  25  23  94
  14  59  45  46  67  10  17  52   5  19  48  15   6   4  12   9  61  53
   3  51  21  11  49  55  57   1   2  56  47  50  16   7  13   8  54   0]"
